GROUP,PACKAGE,CLASS,INSTRUCTION_MISSED,INSTRUCTION_COVERED,BRANCH_MISSED,BRANCH_COVERED,LINE_MISSED,LINE_COVERED,COMPLEXITY_MISSED,COMPLEXITY_COVERED,METHOD_MISSED,METHOD_COVERED
riviera-console,org.ferris.riviera.console.retry,ExceptionRetryInterceptor,44,0,2,0,11,0,3,0,2,0
riviera-console,org.ferris.riviera.console.log4j,Log4jLoggerProducer,8,0,0,0,2,0,2,0,2,0
riviera-console,org.ferris.riviera.console.log4j,Log4jRollingFileAppender,58,0,2,0,14,0,4,0,3,0
riviera-console,org.ferris.riviera.console.log4j,Log4jRollingFileAppenderPrintStream,4,0,0,0,2,0,1,0,1,0
riviera-console,org.ferris.riviera.console.log4j,Log4jRollingFileAppenderPrintStreamProducer,28,0,4,0,9,0,4,0,2,0
riviera-console,org.ferris.riviera.console.history,HistoryFinderEvent,0,10,0,0,0,4,0,3,0,3
riviera-console,org.ferris.riviera.console.history,HistoryFinder,45,210,12,14,0,42,12,3,0,2
riviera-console,org.ferris.riviera.console.history,HistoryList,46,3,4,0,11,1,6,1,4,1
riviera-console,org.ferris.riviera.console.history,HistoryPage,99,0,4,0,18,0,5,0,3,0
riviera-console,org.ferris.riviera.console.history,History,0,146,0,6,0,41,0,17,0,14
riviera-console,org.ferris.riviera.console.history,HistoryFormat,0,44,0,0,0,6,0,2,0,2
riviera-console,org.ferris.riviera.console.driver,DriverFile,5,0,0,0,2,0,1,0,1,0
riviera-console,org.ferris.riviera.console.driver,DriverDirectory,12,0,0,0,2,0,1,0,1,0
riviera-console,org.ferris.riviera.console.driver,DriverFileProducer,71,0,12,0,14,0,9,0,3,0
riviera-console,org.ferris.riviera.console.execute,ExecutePropertiesProducer,151,0,12,0,25,0,9,0,3,0
riviera-console,org.ferris.riviera.console.execute,ExecuteTransactionPage,48,0,0,0,13,0,4,0,4,0
riviera-console,org.ferris.riviera.console.execute,ExecuteProperties,9,0,0,0,4,0,2,0,2,0
riviera-console,org.ferris.riviera.console.execute,ExecuteScriptsInJarFilePage,85,0,0,0,16,0,3,0,3,0
riviera-console,org.ferris.riviera.console.execute,ExecutePermissionFromUser,3,0,0,0,1,0,1,0,1,0
riviera-console,org.ferris.riviera.console.execute,ExecutePermissionFromUserController,36,0,2,0,9,0,3,0,2,0
riviera-console,org.ferris.riviera.console.execute,ExecuteScriptHistoryInserter,334,0,0,0,60,0,3,0,3,0
riviera-console,org.ferris.riviera.console.execute,ExecutePermissionFromUserPage,80,0,14,0,19,0,10,0,3,0
riviera-console,org.ferris.riviera.console.execute,ExecuteEvent,37,0,0,0,14,0,7,0,7,0
riviera-console,org.ferris.riviera.console.execute,ExecuteShortCircuitController,18,0,2,0,5,0,3,0,2,0
riviera-console,org.ferris.riviera.console.execute,ExecuteScriptInJarFileExecutor,43,0,0,0,14,0,3,0,3,0
riviera-console,org.ferris.riviera.console.execute,ExecuteScriptsInJarFileController,46,0,0,0,14,0,4,0,4,0
riviera-console,org.ferris.riviera.console.execute,ExecuteTransactionController,78,0,4,0,25,0,6,0,4,0
riviera-console,org.ferris.riviera.console.execute,ExecuteSkipInterceptor,21,0,2,0,6,0,3,0,2,0
riviera-console,org.ferris.riviera.console.execute,ExecuteScriptHistoryInsertController,24,0,0,0,9,0,3,0,3,0
riviera-console,org.ferris.riviera.console.main,Main,153,0,0,0,36,0,4,0,4,0
riviera-console,org.ferris.riviera.console.main,MainEvent,3,0,0,0,1,0,1,0,1,0
riviera-console,org.ferris.riviera.console.jar,JarFinderEvent,10,0,0,0,4,0,3,0,3,0
riviera-console,org.ferris.riviera.console.jar,JarDirectory,28,0,2,0,6,0,2,0,1,0
riviera-console,org.ferris.riviera.console.jar,JarEntry,7,259,2,22,3,56,4,23,2,13
riviera-console,org.ferris.riviera.console.jar,JarFinder,72,0,10,0,15,0,8,0,3,0
riviera-console,org.ferris.riviera.console.jar,JarEntrySorter,11,0,0,0,4,0,2,0,2,0
riviera-console,org.ferris.riviera.console.jar,JarEntryFilter,15,0,0,0,5,0,2,0,2,0
riviera-console,org.ferris.riviera.console.jar,JarEntryPage,199,0,6,0,38,0,10,0,7,0
riviera-console,org.ferris.riviera.console.jar,JarEntryValidationEvent,16,0,0,0,7,0,4,0,4,0
riviera-console,org.ferris.riviera.console.jar,JarPage,37,0,0,0,6,0,2,0,2,0
riviera-console,org.ferris.riviera.console.jar,JarEntryFinderEvent,22,0,0,0,9,0,5,0,5,0
riviera-console,org.ferris.riviera.console.jar,JarFile,70,44,2,4,15,9,6,7,5,5
riviera-console,org.ferris.riviera.console.jar,JarEntryValidator,62,0,2,0,13,0,8,0,7,0
riviera-console,org.ferris.riviera.console.jar,JarEntryStatements,0,103,0,16,0,26,0,9,0,1
riviera-console,org.ferris.riviera.console.exit,ExitEvent,3,0,0,0,1,0,1,0,1,0
riviera-console,org.ferris.riviera.console.exit,ExitObserver,33,0,0,0,11,0,3,0,3,0
riviera-console,org.ferris.riviera.console.exit,ExitPage,20,0,0,0,5,0,2,0,2,0
riviera-console,org.ferris.riviera.console.exception,UncaughtExceptionObserver,23,0,0,0,7,0,3,0,3,0
riviera-console,org.ferris.riviera.console.exception,UncaughtExceptionPage,26,0,0,0,6,0,2,0,2,0
riviera-console,org.ferris.riviera.console.connection,ConnectionPropertiesProducer,229,0,14,0,31,0,11,0,4,0
riviera-console,org.ferris.riviera.console.connection,ConnectionProxy,28,0,2,0,10,0,3,0,2,0
riviera-console,org.ferris.riviera.console.connection,ConnectionValidationEvent,17,0,0,0,7,0,5,0,5,0
riviera-console,org.ferris.riviera.console.connection,ConnectionProperties,57,0,0,0,20,0,10,0,10,0
riviera-console,org.ferris.riviera.console.connection,ConnectionValidator,169,0,26,0,15,0,15,0,2,0
riviera-console,org.ferris.riviera.console.connection,ConnectionHandlerProducer,160,0,12,0,27,0,8,0,2,0
riviera-console,org.ferris.riviera.console.connection,ConnectionHandler,9,0,0,0,4,0,2,0,2,0
riviera-console,org.ferris.riviera.console.connection,ConnectionPage,74,0,0,0,13,0,2,0,2,0
riviera-console,org.ferris.riviera.console.classloader,ClassLoaderAddUrl,58,0,0,0,13,0,2,0,2,0
riviera-console,org.ferris.riviera.console.welcome,WelcomeEvent,3,0,0,0,1,0,1,0,1,0
riviera-console,org.ferris.riviera.console.welcome,WelcomePage,132,0,0,0,16,0,2,0,2,0
riviera-console,org.ferris.riviera.console.lang,ThreadTool,6,0,0,0,3,0,2,0,2,0
riviera-console,org.ferris.riviera.console.lang,SystemTool,9,0,0,0,5,0,3,0,3,0
riviera-console,org.ferris.riviera.console.lang,StringTool,34,0,8,0,13,0,7,0,3,0
riviera-console,org.ferris.riviera.console.lang,BooleanTool,21,0,6,0,7,0,5,0,2,0
riviera-console,org.ferris.riviera.console.messages,StringProducer,27,0,0,0,10,0,2,0,2,0
riviera-console,org.ferris.riviera.console.table,TableFinderEvent,19,0,0,0,7,0,5,0,5,0
riviera-console,org.ferris.riviera.console.table,TableCreator,170,0,18,0,30,0,11,0,2,0
riviera-console,org.ferris.riviera.console.table,TableFinder,142,0,18,0,21,0,11,0,2,0
riviera-console,org.ferris.riviera.console.table,TablePage,24,0,2,0,5,0,3,0,2,0
riviera-console,org.ferris.riviera.console.io,BufferedReaderProducer,18,0,2,0,4,0,3,0,2,0
riviera-console,org.ferris.riviera.console.io,Console,180,0,2,0,38,0,13,0,12,0
riviera-console,org.ferris.riviera.console.io,PrintWriterProducer,15,0,2,0,4,0,3,0,2,0
riviera-console,org.ferris.riviera.console.application,ApplicationDirectory,4,0,0,0,2,0,1,0,1,0
riviera-console,org.ferris.riviera.console.application,ApplicationHandler,104,0,0,0,27,0,3,0,3,0
riviera-console,org.ferris.riviera.console.application,ApplicationDirectoryProducer,33,0,2,0,8,0,3,0,2,0
riviera-console,org.ferris.riviera.console.application,Application,59,0,0,0,25,0,17,0,17,0
